term,count
covid19,11158
cases,2242
coronavirus,2242
new,1472
pandemic,1351
amp,1216
deaths,1013
global,814
india,805
positive,758
people,756
news,751
alert,702
total,597
covid,532
trump,524
last,516
health,505
vaccine,468
24,449
reported,446
today,442
one,439
read,434
need,411
number,388
help,376
day,369
hours,369
get,362
died,353
tests,352
like,348
watch,346
world,344
first,336
lockdown,325
americans,324
mask,322
2020,320
due,317
state,316
tested,315
says,313
reports,313
death,312
uk,311
many,299
tally,298
time,291
via,282
test,276
worldwide,274
masks,266
spread,261
take,256
live,255
know,255
august,255
government,255
daily,253
patients,253
rate,248
back,244
testing,241
virus,240
odisha,238
the,235
may,231
work,227
million,224
still,223
hospital,223
would,222
even,219
spike,219
report,219
country,215
going,209
could,205
latest,205
children,205
cdc,203
home,201
see,200
school,198
abo,195
good,195
days,193
july,191
risk,191
care,187
crisis,185
kids,185
face,184
10,182
make,181
case,181
recovery,179
go,178
said,178
update,177
support,176
look,175
please,175
since,174
schools,171
amid,170
year,170
want,169
wear,168
every,167
taking,167
recovered,164
minister,163
toll,163
updates,162
police,162
public,159
data,158
way,155
also,155
including,152
social,152
months,152
life,152
safe,149
say,148
lakh,147
response,145
video,145
think,144
business,143
active,142
times,141
impact,141
week,140
around,140
well,139
symptoms,138
states,138
much,138
to,138
of,135
right,135
biden,135
two,134
lives,133
corona,133
china,133
plasma,133
dr,132
per,132
samples,132
working,131
hope,131
pm,131
fight,131
in,129
use,129
check,129
more,128
find,128
usa,128
students,127
must,126
family,125
protect,125
highest,125
top,125
govt,124
keep,123
russia,123
another,122
call,122
recoveries,121
across,120
great,120
got,119
indias,119
stay,119
free,119
maharashtra,117
countries,117
workers,117
outbreak,117
important,117
wearing,115
district,115
rise,115
next,114
really,114
chief,114
made,113
medical,112
better,111
everyone,110
quarantine,109
stop,109
fresh,109
th,108
karnataka,108
full,108
high,108
florida,107
open,107
bignews,107
rises,107
study,107
let,106
follow,105
protests,105
president,104
pradesh,104
and,104
media,103
healthcare,103
singleday,103
getting,103
plan,103
online,103
mark,102
cm,102
die,102
county,101
weeks,101
post,101
end,100
texas,100
infections,99
america,99
research,99
local,98
put,97
part,97
patient,97
safety,96
join,96
economy,96
delhi,95
without,95
staff,93
fauci,93
years,93
till,93
webinar,93
looking,92
todays,92
travel,92
enough,90
needs,90
treatment,90
hospitals,90
never,90
man,89
dead,89
best,89
confirmed,88
slow,88
negative,87
far,87
vaccines,87
experts,87
flu,86
crosses,86
yet,85
come,85
learn,85
doctors,84
blood,84
away,84
thanks,84
numbers,84
community,84
industry,84
food,84
long,83
identify,83
office,83
article,83
businesses,83
telangana,82
situation,82
increase,82
national,82
key,81
shows,81
100,81
three,81
economic,81
among,81
jobs,80
single,80
women,79
despite,79
morning,79
love,79
big,79
hit,79
updated,79
continue,79
real,78
team,78
past,78
record,78
american,78
ever,77
thank,77
things,77
infection,77
city,77
infected,77
return,76
already,76
breaking,75
anyone,75
gop,75
person,75
young,74
give,74
share,74
start,74
19,74
according,74
change,74
records,73
distancing,73
found,72
pima,72
used,72
sarscov2,72
available,72
rajasthan,72
set,72
job,72
education,72
second,71
guidelines,71
together,71
control,71
following,71
lost,71
nhs,70
college,70
normal,70
mumbai,70
head,70
disease,70
technology,70
restrictions,69
thing,69
england,69
likely,69
house,69
indian,69
sunday,69
saturday,69
yesterday,68
science,68
sooner,68
families,68
trials,68
biggest,68
system,68
close,68
nearly,68
challenges,67
13,67
protest,67
learning,67
12,66
less,66
future,66
sure,65
done,65
pay,65
services,65
hard,65
march,65
leaders,64
20,64
relief,64
effective,64
affected,64
digital,64
announced,64
might,64
become,63
show,63
scientists,63
companies,62
members,62
access,62
fall,62
heres,62
portland,62
using,62
survey,62
white,61
blog,61
yes,61
friday,61
for,61
14,61
ministry,61
different,61
coming,61
selfreporting,60
employees,60
series,60
making,60
air,60
link,60
results,60
others,60
contact,60
early,60
trust,59
an,59
bad,59
issues,59
tell,59
management,58
demand,58
novel,58
wearamask,58
feel,58
thought,57
director,57
information,57
count,57
something,57
on,57
almost,57
trying,57
increased,57
south,57
virtual,57
hydroxychloroquine,57
aug,56
growth,56
someone,56
population,56
story,56
reopen,56
happy,56
california,56
believe,56
action,56
took,55
sick,55
plans,55
phase,55
coronavirusupdates,55
wave,55
month,55
reopening,55
doctor,55
season,55
16,55
ai,55
dying,54
measures,54
group,54
critical,54
soon,54
understand,54
current,54
former,54
surge,54
conducted,53
worst,53
wants,53
johnson,53
everything,53
major,53
focus,53
seen,53
leader,53
nothing,53
money,53
gt,52
players,52
congress,52
insurance,52
hear,52
higher,52
place,52
hrs,52
questions,52
50,52
cause,52
helping,52
least,52
emergency,52
ensure,52
deal,52
related,52
recorded,52
ahead,52
fear,51
thousands,51
fatality,51
lot,51
immunity,51
hands,51
human,51
ways,51
15,51
taken,51
weekend,51
evidence,51
bill,51
living,51
sign,51
continues,51
childern,50
doesnt,50
result,50
low,50
woman,50
order,50
recent,50
black,50
unemployment,50
list,50
line,50
1000,50
small,50
caused,49
given,49
details,49
summer,49
market,49
private,49
modi,49
30,49
republicans,49
fire,49
international,49
save,49
parents,48
ganjam,48
officials,48
court,48
vote,48
changed,48
told,48
interesting,48
little,48
25,48
created,48
football,48
saying,48
visit,47
storm,47
hand,47
shut,47
aviation,47
tomorrow,47
actually,47
power,47
harris,47
university,47
supply,47
political,47
cost,47
21,47
half,47
talk,46
federal,46
mental,46
centre,46
teachers,46
thread,46
protesters,46
role,46
lead,46
truth,46
proud,46
zealand,46
claims,46
went,46
tweet,46
needed,46
company,46
co,45
aid,45
podcast,45
rules,45
within,45
arizona,45
child,45
coronaviruspandemic,45
clinical,45
wrong,45
policy,44
point,44
seems,44
issue,44
leadership,44
rs,44
trial,44
union,44
changes,44
monday,44
gone,44
always,44
rising,43
wont,43
try,43
with,43
true,43
from,43
fighting,43
26,43
push,43
putin,43
residents,43
comes,43
opportunity,43
remember,43
united,42
party,42
preprint,42
admitted,42
service,42
increasing,42
remain,42
wake,42
especially,42
this,42
five,42
god,42
ceo,42
treat,42
center,42
millions,42
started,42
listen,42
rates,42
brought,42
analysis,42
announces,41
election,41
deadly,41
whole,41
hyderabad,41
reach,41
40,41
killed,41
re,41
discuss,41
cure,41
avoid,41
republican,41
dies,41
friends,41
brazil,41
security,41
boris,41
remote,41
experience,40
covidー19,40
ji,40
facing,40
developed,40
view,40
brother,40
thursday,40
researchers,40
coronavirusoutbreak,40
fitness,40
law,40
provide,40
prevent,40
water,40
cross,40
immune,40
nyc,40
strategy,40
act,40
york,40
able,40
classes,39
left,39
democrats,39
closed,39
bihar,39
additional,39
west,39
meet,39
fact,39
wales,39
vs,39
facilities,39
11,39
vegan,39
catch,39
citizens,39
1st,39
expert,39
ca,39
june,39
30days30videos,39
innovation,39
gets,39
special,38
makes,38
stories,38
ago,38
means,38
ones,38
review,38
called,38
talks,38
finally,38
maybe,38
trumps,38
forced,38
tips,38
lack,38
is,38
communities,38
advice,38
customers,38
question,38
be,38
ill,38
level,38
calls,37
rest,37
wish,37
ask,37
anything,37
shares,37
ppe,37
old,37
reporting,37
korea,37
stand,37
third,37
attention,37
positivity,37
london,37
source,37
oh,36
authorities,36
22,36
course,36
challenge,36
near,36
problem,36
17,36
possible,36
potential,36
behind,36
war,36
complete,36
fund,36
sense,36
age,36
madhya,36
play,36
looks,36
huge,36
dear,36
address,36
concerns,36
department,36
class,36
cut,35
else,35
september,35
solutions,35
lockdowns,35
efforts,35
student,35
discharged,35
impacted,35
church,35
registered,35
daughter,35
matter,35
outside,35
homes,35
sir,35
asked,35
chinese,35
socialdistancing,35
russian,35
poor,35
pa,35
launched,35
viral,35
concerned,35
secondwave,35
worlds,35
financial,35
led,35
training,35
rapid,34
khurda,34
hoax,34
kill,34
answer,34
opening,34
lets,34
retweet,34
alone,34
essential,34
average,34
hotel,34
release,34
tuesday,34
failure,34
history,34
period,34
226,34
covid19india,34
officer,34
member,34
personnel,34
happen,34
twitter,34
clear,34
singh,33
isnt,33
drug,33
ready,33
six,33
governments,33
goals,33
lab,33
night,33
spreading,33
no,33
spain,33
app,33
trend,33
administration,33
along,33
leading,33
development,33
launch,33
brexit,33
heart,32
leave,32
hold,32
27,32
bank,32
georgia,32
persons,32
four,32
success,32
st,32
donald,32
strong,32
type,32
threat,32
frontline,32
events,32
event,32
guidance,32
battle,31
flight,31
goes,31
quick,31
british,31
healthy,31
recession,31
23,31
severe,31
managing,31
weekly,31
cancer,31
loss,31
ne,31
areas,31
sports,31
sector,31
personal,31
vulnerable,31
works,31
france,31
levels,31
60,31
incompetent,31
puducherry,31
andhra,31
light,31
date,31
nurses,31
kind,31
reality,31
passengers,31
strategies,30
false,30
civil,30
saw,30
based,30
decided,30
funding,30
added,30
words,30
playing,30
trumpvirus,30
cummings,30
na,30
released,30
kerala,30
sending,30
allow,30
discusses,30
governor,30
restaurants,30
move,30
running,30
effects,30
temple,30
track,30
finds,30
dangerous,30
arrested,30
several,30
sanitizer,30
official,30
you,30
came,30
campaign,30
store,30
giving,30
shop,30
waiting,30
icymi,30
risks,30
assam,29
loved,29
thinking,29
common,29
published,29
scotland,29
cities,29
50000,29
forward,29
expected,29
nursing,29
program,29
ha,29
send,29
sharing,29
bjp,29
hey,29
building,29
covid19uk,29
hell,29
held,29
225,29
body,29
large,29
significant,29
takes,29
handling,29
super,29
mandatory,29
allowed,29
secondpeak,29
general,29
sad,29
episode,29
showing,29
meeting,29
entire,29
instead,29
recently,29
europe,29
late,28
fatalities,28
mass,28
signs,28
100000,28
whether,28
streets,28
men,28
planning,28
price,28
idea,28
wait,28
hundreds,28
mlb,28
resources,28
returning,28
himachal,28
majority,28
victims,28
transmission,28
win,28
johns,28
31,28
run,28
miss,28
221,28
offer,28
talking,28
area,28
killing,28
amazing,28
35,28
domestic,28
guide,28
bring,28
knew,28
facebook,28
africa,27
excellent,27
worse,27
cyprus,27
wash,27
ram,27
responsible,27
ministers,27
rally,27
expect,27
drop,27
required,27
crore,27
reaches,27
anxiety,27
facility,27
society,27
develop,27
starting,27
stands,27
lies,27
18,27
hate,27
2nd,27
suffering,27
poll,27
front,27
opinion,27
fucking,27
flights,27
we,27
break,27
globally,27
unprecedented,27
223,27
beyond,27
game,27
claim,27
icu,27
music,26
shared,26
register,26
orders,26
mortality,26
80,26
recover,26
create,26
colleges,26
explore,26
antibodies,26
lie,26
buy,26
status,26
mean,26
groups,26
64553,26
currently,26
nation,26
that,26
by,26
everywhere,26
construction,26
wonder,26
guy,26
impacts,26
launches,26
australia,26
tech,26
tells,26
at,26
workplace,26
happening,26
during,26
cuttack,26
earlier,26
obesity,26
warns,26
fake,26
beat,26
229,26
north,26
revealed,26
mp,26
gave,26
couple,25
guess,25
reason,25
shah,25
mexico,25
developments,25
friend,25
message,25
rights,25
association,25
gives,25
covering,25
stupid,25
icmr,25
breakingnews,25
trends,25
putting,25
mentalhealth,25
drive,25
systems,25
hopkins,25
adults,25
90,25
are,25
build,25
lower,25
tops,25
billion,25
madhyapradesh,25
capital,25
sales,25
resilience,25
isolation,25
newzealand,25
covidiots,25
blm,25
de,25
chennai,25
struggling,25
bengal,25
longer,24
professor,24
districts,24
decision,24
manage,24
messagetochristians,24
simple,24
ove,24
dominic,24
bulletin,24
seriously,24
consider,24
paper,24
delivery,24
english,24
helps,24
mail,24
it,24
moderna,24
odishas,24
towards,24
ireland,24
failed,24
tamil,24
wow,24
illness,24
scared,24
approach,24
shot,24
fast,24
paid,24
500,24
democrat,24
bengaluru,24
april,24
forget,24
worth,24
29,24
network,24
component,24
awareness,24
fraud,24
discharges,24
spent,24
hcq,24
germany,24
retail,24
step,24
thoughts,24
nature,24
banks,23
prepared,23
benefits,23
markets,23
un,23
passed,23
welcome,23
activity,23
session,23
peoples,23
account,23
difference,23
production,23
coronavirusuk,23
reveals,23
youth,23
stage,23
touch,23
mayor,23
known,23
gov,23
gates,23
seeing,23
speech,23
stress,23
movie,23
3rd,23
nadu,23
insights,23
era,23
changing,23
exposed,23
though,23
as,23
jharkhand,23
kills,23
affect,23
experiences,23
force,23
chain,23
asking,23
partners,23
exactly,23
central,23
tax,23
exams,23
places,23
fda,23
began,23
feeling,23
pushing,23
78761,23
necessary,23
positives,23
224,23
keeping,23
bullshit,23
red,23
simply,23
importance,23
rich,22
hot,22
tv,22
combat,22
shown,22
pan,22
hi,22
48661,22
lying,22
ipl,22
your,22
holiday,22
charged,22
nice,22
tamilnadu,22
investment,22
vital,22
turned,22
facemasks,22
finance,22
steps,22
arent,22
ho,22
mind,22
figures,22
senior,22
claimed,22
prime,22
camp,22
updatesindia,22
ppl,22
longterm,22
peak,22
ghana,22
marketing,22
shopping,22
statistics,22
serious,22
politics,22
beds,22
id,22
missed,22
products,22
sent,22
senate,22
refuse,22
amit,22
cas,22
song,22
vijayawada,22
64399,22
lessons,22
problems,22
actions,22
short,22
have,22
funds,22
moving,22
supreme,22
happens,22
difficult,22
fun,22
supporting,22
wellbeing,22
1007,21
hr,21
however,21
note,21
practice,21
respect,21
individuals,21
ok,21
staysafe,21
either,21
info,21
girls,21
offers,21
therapy,21
environment,21
nations,21
fully,21
freedom,21
nine,21
ny,21
followed,21
finding,21
punjab,21
quickly,21
piece,21
father,21
49931,21
2021,21
eat,21
project,21
reducing,21
zero,21
press,21
pretty,21
word,21
herd,21
actor,21
helped,21
now,21
worked,21
probably,21
lakhs,21
worker,21
distance,21
yo,21
179200,21
tracing,21
kindly,21
teams,21
northern,21
airport,21
besafe,21
antigen,21
calling,21
riots,21
tonight,21
aka,21
click,21
mers,21
lord,21
rural,21
challenging,21
costs,21
massive,21
seven,21
outbreaks,21
conference,21
baby,21
misinformation,21
smart,21
out,21
blame,21
sees,21
organization,21
ban,21
ongoing,21
andhrapradesh,21
consumers,21
contacts,21
becomes,21
causing,21
beach,21
conspiracy,21
chance,21
solution,21
amount,20
protocols,20
trade,20
journey,20
trace,20
folks,20
mild,20
cope,20
closer,20
passes,20
siddaramaiah,20
town,20
ganesh,20
agree,20
la,20
canada,20
fever,20
cancelled,20
schedule,20
elderly,20
choice,20
warning,20
thinks,20
rtpcr,20
labs,20
various,20
disaster,20
overall,20
interview,20
suggests,20
strain,20
growing,20
fears,20
remains,20
watching,20
protection,20
name,20
etc,20
hour,20
prepare,20
uncertainty,20
stimulus,20
compared,20
letter,20
delay,20
bc,20
phone,20
leads,20
speaks,20
excess,20
wh,20
turn,19
al,19
sweden,19
48916,19
briefing,19
nobody,19
approved,19
das,19
employers,19
chicago,19
clean,19
prayers,19
road,19
energy,19
803,19
fine,19
reading,19
spending,19
britain,19
begin,19
standard,19
executive,19
worry,19
natural,19
plus,19
lose,19
protecting,19
they,19
gon,19
pr,19
jammu,19
jump,19
wo,19
organizations,19
plandemic,19
green,19
bs,19
fair,19
ur,19
task,19
stats,19
sets,19
side,19
terrible,19
unique,19
perfect,19
inc,19
wi,19
cent,19
driving,19
room,19
add,19
here,19
mother,19
institute,19
rather,19
bit,19
platform,19
concern,19
physical,19
hits,19
crossed,19
minutes,19
race,19
worried,19
final,19
model,19
learned,19
mr,19
he,19
944,19
airlines,19
28,19
often,19
download,19
later,19
uae,19
sorry,19
urgent,18
main,18
carehomeicide,18
contract,18
offering,18
scheme,18
volunteers,18
caught,18
workforce,18
vietnam,18
card,18
justice,18
rose,18
reduce,18
migrants,18
coronavirusindia,18
regarding,18
opportunities,18
easy,18
conversation,18
street,18
edition,18
imagine,18
inside,18
foundation,18
fl,18
drugs,18
affairs,18
inperson,18
safely,18
maintain,18
63489,18
epidemic,18
begins,18
detected,18
travellers,18
lowest,18
supporters,18
tracker,18
airline,18
nih,18
book,18
cms,18
rep,18
treating,18
cnn,18
csse,18
november,18
significantly,18
cr,18
705,18
staying,18
coach,18
ensuring,18
conduct,18
extended,18
issued,18
facemask,18
birx,18
bhopal,18
highlights,18
raise,18
italy,18
council,18
200,18
corporate,18
wondering,18
unable,18
reached,18
speaking,18
chouhan,18
jaipur,18
bars,18
shivraj,18
planned,18
shit,18
progress,18
faith,18
pre,18
employment,18
resource,18
fans,18
effect,17
consumer,17
uttarpradesh,17
perspective,17
milestone,17
70,17
cold,17
communication,17
everyday,17
providing,17
fo,17
migrant,17
pune,17
routine,17
antibody,17
maga,17
employee,17
apply,17
completely,17
explain,17
telling,17
example,17
happened,17
reminder,17
suspected,17
indiafightscorona,17
direct,17
improve,17
dedicated,17
las,17
guys,17
similar,17
how,17
violence,17
broke,17
profit,17
manufacturing,17
discussion,17
spanish,17
ou,17
busy,17
selling,17
process,17
unless,17
nurse,17
sex,17
highly,17
spot,17
depression,17
include,17
block,17
crazy,17
adapt,17
matters,17
understanding,17
chains,17
heard,17
politicians,17
priority,17
limited,17
tory,17
survive,17
hospitalizations,17
accurate,17
infectious,17
respond,17
goa,17
doses,17
customer,17
941,17
shooting,17
percent,17
robert,17
refer,17
postponed,17
oxford,17
posted,17
became,17
panel,17
reduced,17
damn,17
danger,17
se,17
double,17
tot,17
request,17
kolkata,17
website,17
wednesday,17
parts,17
career,17
gender,17
wishes,17
capacity,17
attack,17
coronaupdatesinindia,17
cough,17
asymptomatic,17
not,17
bangladesh,16
10000,16
committee,16
whose,16
basic,16
israel,16
commercial,16
pray,16
shivrajsinghchouhan,16
surprised,16
beginning,16
1200,16
exclusive,16
existing,16
explains,16
uks,16
host,16
powerful,16
raising,16
site,16
collaboration,16
australian,16
self,16
car,16
attempt,16
played,16
cash,16
associated,16
causes,16
fintech,16
pubs,16
art,16
fix,16
useful,16
transport,16
studies,16
institutions,16
centres,16
middle,16
provides,16
wuhan,16
gold,16
governors,16
previous,16
brings,16
newspaper,16
faced,16
shri,16
appeal,16
surfaces,16
hearing,16
board,16
ipl2020,16
boost,16
havent,16
hav,16
borisjohnson,16
falling,16
172606,16
climbs,16
produced,16
quarter,16
gym,16
bringing,16
sturgis,16
disproportionately,16
delayed,16
decisions,16
accelerated,16
consecutive,16
curb,16
older,16
cover,16
movement,16
reopened,16
connection,16
petition,16
comprehensive,16
69878,16
crucial,16
park,16
con,16
stayhome,16
cops,16
conditions,16
john,16
officers,16
require,16
announce,16
elections,16
enjoy,16
criminal,16
enforce,16
los,16
confidence,16
partnership,16
continued,16
riot,16
rioters,16
statewise,16
resume,16
truly,16
actual,15
successful,15
tough,15
ad,15
nationwide,15
52050,15
interest,15
involved,15
seeking,15
cabinet,15
150,15
yediyurappa,15
deserted,15
joke,15
prices,15
mandate,15
alive,15
opposition,15
golf,15
cloth,15
knows,15
cloud,15
page,15
donated,15
186855,15
2019,15
caseload,15
largest,15
47704,15
patna,15
military,15
indians,15
policies,15
puts,15
judge,15
putins,15
murder,15
summary,15
diseases,15
gdp,15
donate,15
statement,15
border,15
listening,15
term,15
parent,15
inquiry,15
wedding,15
gupta,15
chances,15
reasons,15
engagement,15
railway,15
definitely,15
estimated,15
housing,15
legal,15
operations,15
experiencing,15
amidst,15
panic,15
amitshah,15
decade,15
imposed,15
answers,15
duty,15
shocking,15
speed,15
wishing,15
focused,15
cybersecurity,15
implications,15
shops,15
foreign,15
providers,15
bbc,15
dated,15
tools,15
93,15
aged,15
hospitalized,15
hill,15
youtube,15
owners,15
kits,15
cool,15
apparently,15
realtime,15
bhubaneswar,15
telehealth,15
himachalpradesh,15
pharma,15
fuck,15
spoke,15
racism,15
te,15
creating,15
708,15
stocks,15
1336861,15
continuing,14
948,14
protesting,14
us,14
door,14
forces,14
allowing,14
seem,14
fourth,14
infrastructure,14
load,14
urban,14
missing,14
driver,14
oxygen,14
ex,14
michigan,14
region,14
lo,14
celebrate,14
dog,14
mla,14
metro,14
rbi,14
overcome,14
bangalore,14
bigfight,14
income,14
includes,14
shift,14
admit,14
adoption,14
retirement,14
culture,14
train,14
decline,14
responding,14
voting,14
curve,14
humanity,14
organisations,14
hygiene,14
tackle,14
poverty,14
dealing,14
1030,14
da,14
position,14
illinois,14
restaurant,14
whilst,14
wa,14
adds,14
disruption,14
pressure,14
nears,14
suffered,14
about,14
religious,14
inequalities,14
programs,14
discover,14
suicide,14
wife,14
or,14
digest,14
170415,14
accused,14
covered,14
hasnt,14
coverings,14
15th,14
prior,14
surely,14
destroy,14
150000,14
our,14
heroes,14
totally,14
prevention,14
heading,14
workfromhome,14
861,14
army,14
eating,14
exposure,14
publichealth,14
kashmir,14
vast,14
uttarakhand,14
57982,14
joe,14
firms,14
faces,14
pakistan,14
quite,14
multiple,14
warriors,14
angeles,14
contain,14
climatechange,14
faster,14
usps,14
october,14
purpose,14
emerging,14
lol,14
q2,14
fewer,14
pain,14
reconnect,14
travelers,14
ma,14
rule,14
scientific,14
ventilator,14
exercise,14
steelguru,14
comment,14
so,14
stronger,14
excited,14
colorado,14
losing,14
victoria,14
thi,14
eu,14
european,14
turning,14
square,13
sc,13
earth,13
cov,13
covidiot,13
awesome,13
orange,13
maskup,13
universities,13
diabetes,13
clients,13
haryana,13
has,13
trending,13
sounds,13
farmers,13
targeted,13
654,13
achieve,13
precautions,13
favorite,13
65,13
feet,13
industries,13
ratio,13
discussing,13
2000,13
indoor,13
paying,13
mohfw,13
postcovid,13
46,13
professionals,13
except,13
ignore,13
ac,13
48,13
ave,13
accelerate,13
emerge,13
gyms,13
partner,13
accelerating,13
brand,13
angry,13
postpone,13
animals,13
vehicles,13
demands,13
anymore,13
lots,13
et,13
holding,13
spend,13
holds,13
meanwhile,13
banking,13
surprise,13
stopped,13
returned,13
washington,13
collection,13
delta,13
household,13
underlying,13
agency,13
portal,13
photo,13
anywhere,13
bar,13
pass,13
1320,13
shes,13
appreciate,13
tried,13
ri,13
helpful,13
spreads,13
falls,13
unfortunately,13
theyve,13
bless,13
hero,13
picture,13
shutdown,13
joined,13
57,13
receive,13
linked,13
agreed,13
projects,13
space,13
conducts,13
increases,13
westbengal,13
1376,13
sharma,13
iran,13
afraid,13
interested,13
owner,13
pushes,13
mike,13
field,13
aug22,13
gear,13
eight,13
prove,13
centers,13
strategic,13
dist,13
generation,13
arrest,13
kid,13
distributed,13
scientist,13
ecommerce,13
treatments,13
charge,13
urged,13
package,13
231,13
starts,13
psychotherapy,13
internet,13
protocol,13
celebrations,13
scheduled,13
obama,13
pushed,13
google,13
but,13
festival,13
ventilators,13
stuff,13
alarming,13
protective,13
tourists,13
editorial,13
secretary,13
asia,13
govts,13
ganeshchaturthi,13
gap,13
officially,13
wit,13
written,13
containment,13
promise,13
insight,13
loan,13
billions,12
cdt,12
dozens,12
assessment,12
schoolsreopening,12
malaysia,12
regional,12
hospitality,12
ctv,12
photos,12
recovering,12
telanganafightscorona,12
strict,12
extra,12
throughout,12
annual,12
crowd,12
russianvaccine,12
player,12
wanted,12
upon,12
willing,12
contagious,12
requires,12
cheap,12
nightmare,12
offices,12
crowds,12
sanitiser,12
refuses,12
pande,12
tr,12
agencies,12
tourism,12
whatever,12
excuse,12
round,12
wonderful,12
commit,12
posts,12
identified,12
perhaps,12
idiot,12
idiots,12
bed,12
if,12
parties,12
soap,12
sites,12
moment,12
beautiful,12
forcing,12
safer,12
kept,12
tracking,12
evil,12
battling,12
east,12
voters,12
nose,12
smell,12
convalescent,12
bhadraknergundi,12
delays,12
urge,12
pharmaceutical,12
value,12
cumulative,12
67,12
sadly,12
noida,12
color,12
asks,12
practices,12
36,12
speedy,12
speak,12
intensive,12
responsibility,12
hurricane,12
comments,12
meditate,12
pos,12
tool,12
cleaning,12
ganesha,12
choose,12
pls,12
corruption,12
230,12
agents,12
independent,12
removed,12
teaching,12
supplies,12
master,12
ability,12
feels,12
climate,12
coronavirusvaccine,12
candidate,12
ar,12
straight,12
station,12
chinesevirus,12
distribution,12
alcohol,12
rigged,12
traffic,12
academic,12
757,12
feature,12
fielding,12
observed,12
widespread,12
son,12
brands,12
fed,12
gopal,12
digitaltransformation,12
calm,12
accident,12
points,12
unlike,12
brain,12
automation,12
transformation,12
profits,12
moved,12
sri,12
2589682,12
mention,12
dogs,12
chicken,12
programme,12
closures,12
attacks,12
mouth,12
views,12
timely,12
creates,12
row,12
technologies,12
suggesting,12
inpatients,12
dept,12
vi,12
stayathome,12
greater,12
mor,12
prof,12
do,12
headlines,12
over,12
boards,12
activities,12
prison,12
signed,12
attended,12
registers,12
attend,12
aiims,12
investors,12
effectiveness,12
triple,11
mahant,11
monthly,11
paul,11
individual,11
losses,11
oregon,11
po,11
mom,11
indigenous,11
keeps,11
jersey,11
mobility,11
pc,11
infect,11
particularly,11
lock,11
ms,11
machine,11
plea,11
modern,11
meant,11
troubles,11
jobless,11
oil,11
lt,11
patent,11
measure,11
pandemics,11
joy,11
trip,11
independence,11
tx,11
limit,11
narrative,11
nevada,11
opener,11
philippines,11
japan,11
mo,11
turns,11
imposing,11
marks,11
nritya,11
performance,11
mannkibaat,11
units,11
donation,11
bus,11
borishasfaileduk,11
borisvoteofnoconfidence,11
vaccinated,11
served,11
teenagers,11
serum,11
everybody,11
etimes,11
bu,11
equally,11
bubble,11
epaper,11
entering,11
winter,11
selfish,11
canceled,11
seek,11
sectors,11
cartoon,11
telemedicine,11
cell,11
emotional,11
sealed,11
version,11
screening,11
scott,11
express,11
bodies,11
bmc,11
shall,11
findings,11
situations,11
teacher,11
figure,11
ass,11
fellow,11
astrazeneca,11
aug16,11
award,11
aware,11
showed,11
quiet,11
what,11
failures,11
benefit,11
berlin,11
fail,11
bharat,11
shield,11
factor,11
eyes,11
eye,11
utter,11
birthday,11
shame,11
theory,11
chinavirus,11
churches,11
risen,11
walk,11
coverage,11
diversity,11
crime,11
releasing,11
relevant,11
dad,11
damage,11
remdesivir,11
disability,11
disabilities,11
voted,11
directly,11
devotees,11
volunteer,11
devastating,11
detects,11
detection,11
voice,11
declines,11
deep,11
deliver,11
deployed,11
delivering,11
visiting,11
walmart,11
coronavirusupdate,11
clearly,11
coronavirusnewsdesk,11
saved,11
sanitize,11
san,11
earnings,11
earn,11
collegetalk,11
saliva,11
dumb,11
commission,11
dropped,11
commissioner,11
committed,11
drinking,11
competition,11
complex,11
dreams,11
dream,11
complications,11
confident,11
doubling,11
congratulations,11
consequences,11
warned,11
rolling,11
coronavirusinindia,11
skin,11
uttar,11
75,11
stat,11
strengthen,11
hazard,11
44,11
5000,11
56,11
stayhomestaysafe,11
74,11
grow,11
grim,11
greatest,11
struggle,11
startup,11
grants,11
911,11
9210,11
945,11
upcoming,11
9845684754,11
ab,11
girl,11
primary,11
wrote,11
acute,11
1500,11
10am,11
sustainable,11
suspended,11
zone,11
postcovid19,11
surpassed,11
1385522,11
hurt,11
surges,11
supposed,11
29th,11
160000,11
hospitalization,11
173128,11
yester,11
present,11
27th,11
holidays,11
2924,11
yall,11
spring,11
democratic,11
futureofwork,11
socially,11
sources,11
protected,11
target,11
approval,11
form,11
amazon,11
founder,11
approves,11
airports,11
agreement,11
lines,10
minute,10
crises,10
nba,10
1734,10
literally,10
1918,10
cruise,10
21st,10
228,10
networks,10
mess,10
admissions,10
misleading,10
submit,10
cycling,10
loans,10
26th,10
contribute,10
wide,10
considering,10
banned,10
who,10
pandemi,10
ordered,10
confirms,10
barron,10
sa,10
curfew,10
auckland,10
16th,10
nfl,10
none,10
skills,10
slowly,10
visits,10
defeat,10
opens,10
decrease,10
lesson,10
vladimir,10
130,10
declared,10
138,10
opened,10
appropriate,10
deceased,10
resulting,10
surging,10
decades,10
debate,10
deat,10
tha,10
dc,10
notice,10
operational,10
assistance,10
datasource,10
approaches,10
dashboard,10
anybody,10
lifestyle,10
narendra,10
compare,10
meetings,10
sept,10
biotech,10
managed,10
starhealthinsurance,10
cancel,10
overnight,10
mostly,10
airborne,10
bve,10
buying,10
star,10
me,10
manufacturers,10
97,10
mapping,10
bridge,10
caring,10
breath,10
absolutely,10
sta,10
serve,10
accept,10
marlins,10
monitoring,10
weird,10
serving,10
sessions,10
outcome,10
activists,10
admits,10
welfare,10
league,10
seattle,10
37,10
clinic,10
writing,10
becoming,10
wellness,10
commuters,10
writes,10
mission,10
45,10
write,10
49,10
shock,10
51,10
52,10
club,10
600,10
worrying,10
alan,10
6392,10
scenario,10
although,10
chaturthi,10
omg,10
channel,10
movementpass,10
apps,10
mobile,10
certainly,10
77,10
7th,10
bidenharris2020,10
maintaining,10
winning,10
immigrants,10
residence,10
quote,10
explained,10
tired,10
raised,10
itvideo,10
tube,10
racial,10
extremely,10
facts,10
felt,10
reduces,10
fill,10
fired,10
firm,10
floods,10
provision,10
fly,10
flying,10
forever,10
jan,10
janmashtami,10
phe,10
range,10
reddy,10
kenosha,10
easier,10
economies,10
permission,10
recording,10
election2020,10
ventilation,10
recognize,10
ending,10
ends,10
joining,10
enroll,10
enter,10
entry,10
equitable,10
equity,10
funny,10
gain,10
gandhi,10
harder,10
preventive,10
highrisk,10
preventing,10
hiv,10
inclusive,10
honest,10
hoping,10
praying,10
hotspots,10
improved,10
houston,10
impossible,10
imported,10
ids,10
ignorant,10
ignoring,10
impacting,10
threats,10
handled,10
gas,10
handle,10
german,10
initial,10
properly,10
goal,10
proof,10
thousand,10
inequality,10
grant,10
up,10
grief,10
grocery,10
guernsey,10
unlock,10
indiafightscovid19,10
policemen,10
hall,10
indiablooms,10
drivers,10
quarantined,10
deputy,10
discharge,10
peace,10
peaceful,10
reflect,10
designs,10
dna,10
their,10
le,10
design,10
landscape,10
deserve,10
remove,10
theatre,10
direction,10
doom,10
detect,10
ohio,9
cuts,9
propaganda,9
getanalysis,9
custom,9
inform,9
srinagar,9
advisory,9
proper,9
russias,9
abuse,9
83,9
dis,9
guarantee,9
ground,9
7days,9
lied,9
82,9
worldometer,9
inept,9
gloves,9
village,9
gp,9
promoting,9
remaining,9
97000,9
tiktok,9
absolute,9
affects,9
gatherings,9
afford,9
disruptions,9
appear,9
wise,9
provided,9
reveal,9
followers,9
drastically,9
disrupted,9
credit,9
urges,9
reviewed,9
miles,9
crash,9
covidvaccine,9
film,9
covididiots,9
operating,9
op,9
fr,9
african,9
sometimes,9
agriculture,9
cured,9
protester,9
cuomo,9
games,9
alleged,9
laid,9
allows,9
funeral,9
alongside,9
ga,9
inspiring,9
ambulance,9
furlough,9
software,9
andaman,9
guests,9
stick,9
movies,9
ideas,9
surpass,9
youngest,9
husband,9
hunger,9
surgery,9
resilient,9
1503,9
lebanon,9
defense,9
165070,9
viruses,9
nepal,9
respiratory,9
sundargarh,9
hopes,9
13th,9
vision,9
66,9
types,9
ta,9
tackling,9
109,9
nonsense,9
im,9
illegal,9
swab,9
thane,9
iit,9
nj,9
zones,9
delivered,9
survival,9
implementation,9
surpasses,9
1981,9
200000,9
suggest,9
202021,9
mutation,9
happiness,9
handwashing,9
topics,9
47,9
topic,9
debt,9
50k,9
tribute,9
di,9
stores,9
festivals,9
hair,9
64,9
worries,9
device,9
developing,9
priorities,9
inclusion,9
204,9
preexisting,9
nc,9
passenger,9
tour,9
navigate,9
polling,9
incredible,9
yeah,9
presents,9
300,9
30000,9
nutrition,9
herman,9
puri,9
convention,9
senator,9
lung,9
values,9
claiming,9
exceed,9
coping,9
vaccination,9
regularly,9
peopl,9
pence,9
relative,9
outdoor,9
outcomes,9
james,9
couldnt,9
setting,9
brilliant,9
lucknow,9
thin,9
racist,9
matches,9
permanently,9
bollywood,9
pelosi,9
utterly,9
search,9
sh,9
extend,9
covaxin,9
blockchain,9
scamdemic,9
citing,9
easily,9
received,9
regions,9
celebrates,9
en,9
dollars,9
enabling,9
caution,9
category,9
content,9
context,9
jumps,9
contracting,9
overwhelmed,9
refusing,9
engineering,9
christian,9
charges,9
charity,9
edt,9
cain,9
mandates,9
enterprises,9
weak,9
roles,9
budget,9
equality,9
editor,9
regular,9
chris,9
extends,9
recommend,9
clusters,9
resident,9
memorial,9
pillow,9
timeline,9
bans,9
videos,9
fatigue,9
sight,9
pivot,9
concept,9
ayodhya,9
invest,9
silver,9
quality,9
safeguard,9
options,9
wildlife,9
optimistic,9
treated,9
singapore,9
driven,9
dress,9
uses,9
will,9
featured,9
fell,9
covid19us,9
reduction,9
fatal,9
ki,9
ben,9
wfh,9
factors,9
shouldnt,9
ear,9
bet,9
ridiculous,9
condition,9
fails,9
ease,9
du,9
believed,9
bigger,9
iot,9
fallen,9
behavior,9
code,9
fa,9
tune,9
usually,9
conducting,9
shortage,9
shifts,9
successfully,8
therapeutics,8
scam,8
sanitized,8
pandem,8
resign,8
pollution,8
succumb,8
pack,8
prescription,8
succumbed,8
sudden,8
scale,8
scottish,8
pand,8
sample,8
refused,8
surviving,8
saturdaymorning,8
thrown,8
survived,8
recoveriesdeaths,8
planet,8
presented,8
ship,8
plenty,8
races,8
relatives,8
sheriff,8
pick,8
pleased,8
other,8
shifting,8
spaces,8
okay,8
protections,8
organisation,8
payment,8
smoking,8
onsite,8
smes,8
smaller,8
qampa,8
option,8
slowing,8
publicly,8
sleep,8
slams,8
sister,8
payments,8
tmc,8
su,8
strange,8
personally,8
secondary,8
seconds,8
nutritious,8
reportedly,8
strongly,8
receiving,8
seeks,8
obese,8
streaming,8
registration,8
selfisolate,8
rip,8
reopens,8
realize,8
possibly,8
stopping,8
remotely,8
stigma,8
sit,8
producer,8
reaction,8
rea,8
remind,8
plasmatherapy,8
तह,8
keto,8
400,8
legislation,8
leaving,8
41,8
trigger,8
failing,8
lawsuit,8
brief,8
diagnosed,8
420898,8
identif,8
diagnostic,8
breathe,8
43,8
adult,8
largely,8
breaks,8
land,8
violation,8
breaches,8
extending,8
weight,8
boy,8
kumar,8
bought,8
disinfect,8
disinformation,8
ba,8
knowledge,8
kit,8
letters,8
availability,8
kindness,8
destruction,8
transition,8
247,8
december,8
yep,8
australias,8
undergoing,8
can,8
25th,8
defeated,8
hotels,8
camps,8
looked,8
yemen,8
advocates,8
locations,8
advised,8
fascinating,8
dems,8
bsnlprideofindia,8
bsnl,8
34,8
faridabad,8
hub,8
uncertain,8
famous,8
depends,8
38938,8
designed,8
humans,8
wouldnt,8
divert,8
makers,8
dur,8
vice,8
bargarh,8
78,8
incompetence,8
incredibly,8
into,8
eid,8
abc,8
beware,8
intervention,8
below,8
enable,8
9999,8
belong,8
enforcement,8
whi,8
belarus,8
enhance,8
beirut,8
998,8
instagram,8
bbmp,8
eviction,8
8th,8
initiative,8
equipment,8
900,8
tweets,8
bcci,8
victim,8
ace2,8
image,8
acting,8
borders,8
immediate,8
booked,8
grand,8
babies,8
immigration,8
vacation,8
60963,8
trumphasnoplan,8
dm,8
worship,8
joins,8
jodhpur,8
backtoschool,8
dominicummimgs,8
vacations,8
jk,8
jesus,8
blaming,8
bag,8
jajpurodisha,8
jail,8
ivf,8
acts,8
its,8
improving,8
bitcoin,8
balance,8
dramatic,8
transforming,8
loses,8
affordable,8
generous,8
114,8
gavin,8
1215,8
applications,8
mrna1273,8
hc,8
approve,8
conservative,8
mothers,8
funded,8
1435453,8
younger,8
heads,8
warm,8
urgently,8
wipe,8
contracted,8
her,8
mizoram,8
wealth,8
alabama,8
users,8
highlighted,8
coronavirusstories,8
unemployed,8
arts,8
167749,8
halt,8
appears,8
wine,8
guwahati,8
non,8
antifa,8
coaches,8
0550,8
anti,8
newsalert,8
06,8
0800,8
governance,8
colleagues,8
गड,8
अन,8
announcement,8
anniversary,8
nearing,8
105,8
narendramodi,8
names,8
antonio,8
wasnt,8
ap,8
gohmert,8
globe,8
americas,8
glad,8
muslims,8
clash,8
migration,8
chaos,8
votes,8
honour,8
hong,8
voter,8
creative,8
mha,8
assembly,8
methods,8
messaging,8
cup,8
cc,8
covi,8
med,8
tragic,8
agenda,8
holy,8
2022,8
yogi,8
carried,8
file,8
hongkong,8
cricket,8
cars,8
melbourne,8
ages,8
wall,8
countrys,8
counting,8
2244,8
manchester,8
170000,8
hiring,8
atleast,8
celebrating,8
extension,7
apart,7
farm,7
bame,7
ballots,7
exempt,7
property,7
auto,7
authority,7
fights,7
authors,7
baseball,7
bay,7
fieldservice,7
assess,7
reaching,7
fastest,7
fees,7
evolving,7
fault,7
promising,7
atlanta,7
feedback,7
features,7
smoke,7
gathering,7
vaccinations,7
widely,7
fines,7
proven,7
fires,7
argue,7
awarded,7
fee,7
forum,7
explosion,7
sma,7
articles,7
wings,7
sikkim,7
r4today,7
exposes,7
size,7
awful,7
fro,7
fucked,7
si,7
ramp,7
asian,7
ge,7
falsely,7
ranchi,7
fit,7
gather,7
wind,7
upgrade,7
asha,7
expand,7
ganpati,7
expanding,7
quietly,7
filled,7
fundraising,7
bachchan,7
ev,7
norms,7
bear,7
terms,7
walking,7
century,7
wan,7
ris,7
cou,7
correct,7
corporation,7
chair,7
corner,7
chairman,7
wealthy,7
score,7
robust,7
controlled,7
sciences,7
wearadamnmask,7
covid19s,7
celebration,7
cuba,7
dangers,7
dallas,7
secure,7
resumption,7
resurgence,7
cubs,7
careful,7
crack,7
section,7
carolina,7
returns,7
criminals,7
weather,7
crew,7
chat,7
continuously,7
cansino,7
checked,7
comms,7
cl,7
sale,7
washing,7
comfort,7
combined,7
salon,7
samaresh,7
clears,7
waste,7
climb,7
closes,7
cofounder,7
watched,7
coffee,7
communications,7
communist,7
completed,7
confused,7
royal,7
tennessee,7
warn,7
chhattisgarh,7
temporary,7
chinas,7
conflict,7
complicated,7
rush,7
condolences,7
concert,7
concerning,7
scary,7
was,7
voteblue,7
deadliest,7
begun,7
relationship,7
drbirx,7
technical,7
western,7
blacklivesmatter,7
doubt,7
doubled,7
blames,7
doors,7
donors,7
werent,7
bloomberg,7
vijay,7
blue,7
bo,7
severity,7
sharply,7
drink,7
billionaires,7
tear,7
valuable,7
realestate,7
entrepreneur,7
entertainment,7
entered,7
believes,7
encouraging,7
recovers,7
wha,7
elected,7
shifted,7
effort,7
billgates,7
economics,7
severely,7
bored,7
thackeray,7
distributio,7
requested,7
deny,7
denies,7
than,7
burnout,7
sell,7
c19,7
campaigns,7
deleted,7
vitamin,7
decreased,7
canadian,7
cancels,7
cancerfax,7
responses,7
brown,7
sends,7
described,7
remoteworking,7
display,7
tota,7
bottom,7
brave,7
disappear,7
breakup,7
violent,7
reporters,7
rent,7
breathing,7
diagnosis,7
virginia,7
replacement,7
detailed,7
grades,7
alok,7
grantalert,7
pathetic,7
lifting,7
lifted,7
li,7
39,7
laugh,7
stream,7
latino,7
strike,7
485,7
lanka,7
landlord,7
lakhmark,7
lake,7
500000,7
likes,7
participate,7
magazine,7
2819,7
suburbs,7
subject,7
travelling,7
louie,7
260,7
loneliness,7
wuhanvirus,7
participants,7
wtf,7
31st,7
struck,7
listened,7
parliament,7
tremendous,7
pe,7
lagos,7
kushner,7
72,7
pic,7
6805,7
69,7
6th,7
pictures,7
tuned,7
73,7
pension,7
investigation,7
placed,7
plague,7
turnaround,7
internship,7
worldnews,7
island,7
islands,7
photography,7
jammuandkashmir,7
63,7
jmm,7
61379,7
612,7
jumped,7
stock,7
kenya,7
5g,7
58,7
percentage,7
kong,7
55,7
peo,7
25389,7
mailin,7
interactive,7
mondaythoughts,7
mrna,7
1286,7
mounts,7
motorcycle,7
1404,7
148490,7
surged,7
zinc,7
150k,7
models,7
mode,7
mn,7
mitigation,7
160,7
msm,7
municipal,7
manager,7
touchless,7
nomasks,7
syndrome,7
symptomatic,7
symptom,7
touching,7
tories,7
topped,7
municipality,7
named,7
nagpur,7
nz,7
my,7
obvious,7
suspect,7
mississippi,7
only,7
161,7
trajectory,7
sun,7
summit,7
1876,7
meaning,7
md,7
1920,7
massachusetts,7
supported,7
maskless,7
mar,7
2019ncov,7
2153010,7
manoj,7
227,7
yesterdays,7
medicine,7
medicines,7
membership,7
180000,7
mentioned,7
mercy,7
meritnation,7
messages,7
sundayvibes,7
mi,7
miami,7
169131,7
trading,7
mine,7
oped,7
166192,7
plant,7
worthless,7
sat,7
spirit,7
tied,7
soren,7
postal,7
immediately,7
hedge,7
wor,7
imo,7
positiv,7
addressing,7
unitednations,7
alevelresults,7
wore,7
against,7
posi,7
posed,7
imposes,7
healthinsurance,7
headed,7
all,7
privacy,7
alliance,7
abve,7
stadium,7
sport,7
potentially,7
polls,7
potus,7
pregnant,7
preparedness,7
throat,7
speakers,7
sox,7
honble,7
predictions,7
hockey,7
hitting,7
woes,7
aids,7
hospitalised,7
hosting,7
intelligence,7
adverse,7
advantage,7
aircraft,7
thursdaythoughts,7
advance,7
powers,7
ukraine,7
previously,7
ice,7
abhishekbachchan,7
agenda21,7
indicates,7
twice,7
insightful,7
86,7
analytics,7
unlikely,7
induced,7
tweeting,7
gujarat,7
professional,7
animal,7
inflammation,7
produce,7
indoors,7
gross,7
98,7
productive,7
greece,7
84,7
indi,7
influence,7
ind,7
94,7
hai,7
institution,7
informed,7
alwar,7
graph,7
plastic,7
startups,7
sk,6
10day,6
16806803,6
solid,6
certain,6
11000,6
chose,6
aims,6
supermarket,6
aint,6
superintendent,6
clinicalresearch,6
arrives,6
aim,6
sitting,6
ccp,6
saving,6
southafrica,6
wears,6
clown,6
18444455767,6
southern,6
carry,6
suppor,6
slowdown,6
slipped,6
14day,6
checking,6
cisco,6
solve,6
chronic,6
witnessing,6
1384,6
131,6
childcare,6
childrens,6
zoom,6
allegedly,6
sch,6
120,6
somebody,6
1257,6
coast,6
somehow,6
schooling,6
civic,6
sustainability,6
113,6
wins,6
16291331,6
champions,6
1101,6
supports,6
sops,6
sop,6
1593,6
charlatans,6
apollo,6
111,6
slums,6
charlie,6
youd,6
alevel,6
application,6
susceptible,6
149849,6
830pm,6
ag,6
stem,6
628747,6
blocking,6
steve,6
shadow,6
60646,6
stages,6
batch,6
5pm,6
books,6
taxes,6
born,6
welcomed,6
activ,6
balasore,6
54243,6
boston,6
54,6
50000mark,6
bounce,6
activist,6
sputnik,6
shots,6
64000,6
bags,6
standing,6
81,6
statements,6
shocked,6
bei,6
79000,6
bhutan,6
shields,6
bid,6
76,6
746608,6
behaviour,6
shibu,6
bills,6
700,6
sheep,6
technews,6
8pm,6
whe,6
bio,6
6423,6
steal,6
weighs,6
serological,6
cargo,6
264,6
campus,6
style,6
advantages,6
2589,6
specific,6
cannabis,6
232,6
austin,6
suffer,6
capita,6
affecting,6
singer,6
wed,6
cardinals,6
attending,6
2016,6
aftermath,6
2000month,6
afternoon,6
1977,6
194,6
advanced,6
buyonline,6
addition,6
teens,6
why,6
433,6
4267,6
ser,6
420000,6
42,6
separate,6
tall,6
weekends,6
adjust,6
bro,6
spotlight,6
admin,6
silence,6
broken,6
admission,6
sponsored,6
38,6
33,6
31358,6
buildings,6
specifically,6
systematic,6
codes,6
upi,6
infographic,6
influenza,6
infin,6
indiafightscoronavirus,6
indepth,6
independenceday,6
indeed,6
included,6
pool,6
pop,6
popular,6
populations,6
portable,6
improvement,6
posing,6
tier,6
typically,6
immunization,6
il,6
uddhav,6
ignorance,6
ie,6
identifies,6
innovative,6
inoculated,6
tweeted,6
pickup,6
persist,6
journal,6
jordan,6
pets,6
jim,6
january,6
philly,6
photooftheday,6
isolate,6
iskcon,6
involving,6
tim,6
investing,6
pilot,6
03,6
pl,6
introducing,6
interviewing,6
interventions,6
internationalyouthday,6
intentionally,6
instruction,6
id2020,6
humanitarian,6
hs,6
unproven,6
prisons,6
threatens,6
pro,6
havoc,6
universe,6
hancock,6
producing,6
sars,6
thr,6
guleria,6
grows,6
heartbreaking,6
gratitude,6
grab,6
promised,6
golfs,6
golfing,6
gift,6
proposal,6
germs,6
prospects,6
george,6
prisoners,6
principles,6
hrexecmag,6
premium,6
households,6
pradeshs,6
thursdaymorning,6
hoursthe,6
hotspot,6
hosts,6
predicted,6
hopefully,6
prefer,6
premier,6
honor,6
hello,6
preparing,6
honestly,6
presentation,6
presenting,6
hire,6
thrive,6
hills,6
highlight,6
highestever,6
priests,6
karma,6
kbf,6
kicks,6
mishandling,6
moneyforthepeople,6
mondaymotivation,6
mon,6
moderate,6
oklahoma,6
oleander,6
oneday,6
mitigate,6
mismanagement,6
onset,6
toolkit,6
moral,6
minorities,6
min,6
openly,6
traditional,6
trafalgar,6
michael,6
opinions,6
opositive,6
memory,6
orfs,6
monitor,6
morocco,6
organizing,6
toward,6
nightmares,6
nigeria,6
newsmobile,6
newnormal,6
nowhere,6
negligence,6
needy,6
nasal,6
nwo,6
nagaland,6
myths,6
moron,6
observes,6
obviously,6
occasion,6
museums,6
odd,6
odds,6
mumbais,6
muharram,6
moves,6
motivation,6
medicare,6
trained,6
perform,6
launching,6
parade,6
liver,6
listed,6
parks,6
participating,6
particular,6
lgbtq,6
letting,6
leaves,6
passenge,6
path,6
papers,6
latin,6
lasting,6
larger,6
pattern,6
krishna,6
kota,6
troops,6
peop,6
kidney,6
perfectly,6
par,6
loancharge,6
measur,6
malaria,6
trains,6
maximum,6
matt,6
transform,6
map,6
ov,6
manufacture,6
manipur,6
mand,6
managers,6
tom,6
locally,6
magic,6
packed,6
mad,6
macau,6
traveling,6
ltd,6
treasury,6
looms,6
logistics,6
locked,6
garibkalyanrojgaryojana,6
gurugram,6
frontlines,6
rice,6
reflects,6
reforms,6
downtown,6
dose,6
reg,6
donor,6
donations,6
donaldtrump,6
revolution,6
covidtracker,6
documents,6
dnc,6
division,6
regulations,6
divided,6
thei,6
revenue,6
relationships,6
downturn,6
them,6
relaxed,6
eg,6
wanting,6
engineer,6
enforced,6
core,6
rly,6
empathy,6
em,6
venues,6
risking,6
drfauci,6
counties,6
coveryourface,6
victory,6
ride,6
ea,6
dude,6
dry,6
waiver,6
divide,6
releases,6
enjoying,6
demanding,6
resulted,6
depend,6
denying,6
dental,6
visited,6
democracy,6
dating,6
dementia,6
residential,6
destroyed,6
dem,6
delighted,6
delegation,6
defend,6
declining,6
respondents,6
declare,6
dec,6
visa,6
repeat,6
dishant,6
theaters,6
disgrace,6
crimes,6
discussions,6
reusable,6
discussed,6
critically,6
disappointed,6
crossing,6
returnees,6
dharavi,6
cruel,6
disabled,6
violations,6
dining,6
diet,6
dictator,6
thankfully,6
dailyupdates,6
there,6
cop,6
enormous,6
pvt,6
fifth,6
sahara,6
fiasco,6
feeding,6
comorbidities,6
feed,6
february,6
comparing,6
compounded,6
fiji,6
russiareport,6
feared,6
favipiravir,6
fashion,6
queries,6
rushed,6
enters,6
fallout,6
commitment,6
column,6
ey,6
sanjay,6
fought,6
sanjaydutt,6
proved,6
proves,6
fort,6
usage,6
fool,6
usd,6
temperature,6
filed,6
flouting,6
flood,6
collapse,6
flat,6
flag,6
fixed,6
fishing,6
filmmakers,6
uts,6
farms,6
expose,6
excl,6
exports,6
exam,6
tens,6
ration,6
thermal,6
ray,6
rayagada,6
ward,6
eve,6
contracts,6
ethnic,6
contrast,6
rona,6
controlling,6
controversial,6
estimate,6
conversations,6
examples,6
dea,6
experimental,6
randeep,6
raises,6
ruling,6
va,6
expectations,6
exp,6
rain,6
warrior,6
temporarily,6
congressman,6
exists,6
rapes,6
explores,6
existence,6
consideration,6
too,5
weddings,5
web,5
wards,5
wand,5
tragedy,5
tracks,5
touches,5
wasted,5
temperatures,5
toxic,5
towns,5
vulnerabilities,5
webinars,5
vp,5
tirupati,5
vladimirputin,5
underway,5
valley,5
wheels,5
vaishno,5
vaccinemafia,5
tank,5
ti,5
thus,5
whove,5
teamlas,5
throwing,5
throw,5
teamcoaching,5
throughput,5
unfit,5
thailand,5
unfold,5
williams,5
taskforce,5
taste,5
wilson,5
universal,5
witnesses,5
windows,5
taught,5
unusual,5
tho,5
winners,5
teach,5
twitterpolls,5
whatsapp,5
twitterpoll,5
vehicle,5
yagnik,5
wrongtrump,5
vir,5
tree,5
theater,5
weigh,5
trillion,5
trinamool,5
violate,5
villages,5
writer,5
tn,5
truenat,5
thedrivesales,5
tiwari,5
tea,5
tuition,5
worn,5
turkey,5
theme,5
theories,5
veterans,5
very,5
versus,5
workplaces,5
vendors,5
tight,5
vijaywada,5
01012020,5
syst,5
covid19pandemic,5
cu,5
ct,5
csr,5
crowded,5
creation,5
covidwarriors,5
covid19vic,5
covers,5
currency,5
courts,5
courthouse,5
couples,5
counts,5
counter,5
coughing,5
coronavaccine,5
cureddischarged,5
cute,5
french,5
decode,5
deployment,5
denied,5
denial,5
demons,5
deliberate,5
del,5
defined,5
declares,5
cutting,5
decide,5
deception,5
deals,5
deadline,5
davis,5
david,5
cyber,5
coron,5
convince,5
controls,5
chandigarh,5
classroom,5
chuck,5
chinesenoodlearmy,5
chest,5
checks,5
chaudhary,5
chapter,5
chalisa,5
contributed,5
census,5
cells,5
celebrated,5
cautiously,5
catching,5
carson,5
cares,5
classrooms,5
closure,5
cna,5
collecting,5
contaminated,5
containing,5
contacttracing,5
cont,5
consultant,5
considered,5
connectivity,5
confusing,5
confront,5
compulsory,5
compliance,5
command,5
comfortable,5
com,5
collegefootball,5
desantis,5
describes,5
detecting,5
exempted,5
extraordinary,5
expressed,5
explode,5
explaining,5
experienced,5
expenses,5
expecting,5
exception,5
entrance,5
evolved,5
eventually,5
evaluation,5
estimates,5
essentia,5
escape,5
eradicate,5
fabric,5
fabulous,5
facecoverings,5
facilitate,5
framework,5
fox,5
foudnation,5
forgot,5
forex,5
forefront,5
fm,5
flulike,5
fleet,5
flattening,5
flattened,5
favourite,5
favour,5
fat,5
farce,5
epicentre,5
enterprise,5
determine,5
discipline,5
dow,5
doubts,5
dombivli,5
dollar,5
dispenser,5
disney,5
discovery,5
disastrous,5
englands,5
dirty,5
dip,5
difficulties,5
differ,5
diagnose,5
devi,5
devastated,5
droplets,5
dubai,5
eases,5
easing,5
ended,5
endangering,5
emails,5
email,5
elevated,5
elementary,5
electric,5
efficacy,5
educational,5
educate,5
ed,5
economist,5
ebola,5
eatouttohelpout,5
eastern,5
carehomes,5
cardiac,5
capturing,5
595,5
7054,5
65k,5
65000,5
63490,5
62,5
61,5
600000,5
5883,5
32771,5
57584,5
557,5
53,5
45927,5
459,5
4000,5
37681,5
71,5
731697,5
750000,5
8232,5
adding,5
adapting,5
adapted,5
accounted,5
academy,5
abroad,5
abortion,5
999,5
99,5
933,5
92,5
91,5
887,5
834,5
830,5
342,5
32,5
ads,5
132,5
16082020,5
158929,5
149398,5
1483157,5
1480884,5
140000,5
140,5
12pm,5
316,5
12822,5
124,5
1204,5
11514,5
115,5
1030am,5
100yearold,5
165074,5
17334885,5
175000,5
1825,5
311,5
30th,5
30041400,5
3000,5
2975701,5
29309703,5
272,5
26892,5
2647664,5
26072020,5
25072020,5
25000,5
24hrs,5
222,5
1855745,5
adjourns,5
advise,5
capture,5
behalf,5
blamed,5
biological,5
bin,5
biden2020,5
bhai,5
bhadrak,5
being,5
becau,5
banegaswasthindia,5
beats,5
beating,5
bbnaijalockdown,5
bbcnews,5
battles,5
bat,5
barriers,5
blessings,5
blind,5
blows,5
bogusboris,5
cap,5
candidates,5
bunch,5
bst,5
bright,5
breathlessness,5
breakout,5
bravo,5
branch,5
bpositive,5
boys,5
box,5
boss,5
booster,5
boom,5
barred,5
ballot,5
advocacy,5
amitabhbachchan,5
approx,5
apprenticeships,5
antiviral,5
anticipated,5
anthony,5
analysts,5
amongst,5
ambulances,5
badly,5
alternative,5
alevels,5
alarm,5
agricultural,5
aggressive,5
again,5
africas,5
apr,5
arjun,5
arrests,5
arriving,5
backtowork,5
b2b,5
ayurveda,5
awaiting,5
avoided,5
author,5
aug13,5
au,5
assume,5
assault,5
aspects,5
ashok,5
asap,5
arunachal,5
artist,5
franchise,5
fuelpoverty,5
swot,5
productivity,5
psa,5
proving,5
protestors,5
prosperity,5
proposed,5
prompted,5
promote,5
product,5
pull,5
procurement,5
privileged,5
prioritise,5
principal,5
prevalence,5
prescribing,5
preparations,5
pub,5
pulse,5
gained,5
rec,5
relation,5
refugees,5
reelection,5
recruiting,5
recovereddischargedmigrated,5
recov,5
recommendations,5
rebuild,5
q1fy21,5
ravi,5
rare,5
ramped,5
rammandir,5
rages,5
radio,5
quotes,5
premises,5
predicts,5
predict,5
paint,5
pen,5
pcr,5
patriots,5
passeng,5
partying,5
paris,5
palace,5
p2p,5
precious,5
overseas,5
outstanding,5
outdoors,5
othe,5
ot,5
onto,5
offered,5
perspectives,5
peru,5
phoenix,5
physician,5
precautionary,5
pranab,5
practical,5
postlockdown,5
posting,5
poster,5
posit,5
pneumonia,5
pmmodi,5
pledged,5
platforms,5
plantbased,5
pilots,5
picu,5
physicians,5
relations,5
reliable,5
remembering,5
sitharaman,5
somewhere,5
sold,5
socialist,5
soars,5
sneeze,5
smallbusiness,5
slump,5
sisters,5
sharp,5
simon,5
silly,5
signing,5
signal,5
shower,5
shipping,5
shielding,5
sons,5
sore,5
soumya,5
specialist,5
sweet,5
swarna,5
swabs,5
survivors,5
suppliers,5
superspreader,5
sundaymorning,5
suit,5
structure,5
stretch,5
strength,5
steven,5
spreaders,5
spray,5
sportsbiz,5
shed,5
shape,5
remotelearning,5
responsive,5
roi,5
roberttrump,5
rioting,5
richard,5
rethink,5
resumed,5
restart,5
reset,5
settings,5
res,5
requests,5
representative,5
rental,5
removing,5
removes,5
remotework,5
rooms,5
roughly,5
roundtable,5
roundup,5
serv,5
sena,5
sen,5
secret,5
seats,5
seat,5
seasonal,5
schemes,5
scare,5
sanitizing,5
sane,5
salespeople,5
runs,5
ru,5
royals,5
odishafightscoronavirus,5
ocean,5
occurred,5
improves,5
insanity,5
indore,5
indicate,5
increasingly,5
incident,5
incidence,5
inaugurated,5
import,5
hurricanehanna,5
implemented,5
imperial,5
iii,5
ignored,5
idol,5
hypocrisy,5
hybrid,5
installed,5
insurers,5
integrated,5
intensified,5
jul,5
journalist,5
jo,5
jaredkushner,5
japanese,5
itll,5
isolated,5
involvement,5
invited,5
invite,5
investigating,5
introduced,5
interviews,5
interviewed,5
interact,5
hurricanes,5
hugely,5
karen,5
gratia,5
hang,5
handed,5
haircut,5
had,5
guideline,5
guest,5
gtgt,5
golden,5
hou,5
globa,5
glob,5
gen,5
gate,5
gaps,5
gallery,5
gains,5
hanuman,5
happyganeshchaturthi,5
hardly,5
harvest,5
hosted,5
hospi,5
horrible,5
hopeful,5
hindustan,5
highthroughput,5
hiding,5
hide,5
herdimmunity,5
hence,5
helpline,5
heck,5
heavy,5
heatwave,5
hea,5
kailash,5
keys,5
numerous,5
minority,5
mu,5
mountain,5
most,5
morons,5
mood,5
moments,5
modis,5
minnesota,5
meal,5
midst,5
midnight,5
michelleobama,5
method,5
messi,5
mega,5
medication,5
muchneeded,5
mum,5
mypillow,5
n95,5
numb,5
nrityagopaldas,5
notes,5
nope,5
nonstop,5
nirmala,5
newsom,5
newsletter,5
newly,5
neither,5
needing,5
nbfcs,5
navigating,5
nasty,5
nagar,5
medica,5
mayors,5
kharagpur,5
lay,5
limits,5
lifts,5
lifeline,5
liberty,5
lexagene,5
lewis,5
lea,5
lawmakers,5
math,5
latinx,5
latinos,5
lapd,5
koraput,5
knowing,5
kn,5
king,5
liquor,5
livelihoods,5
livingwithlungcancer,5
locals,5
maskon,5
mandal,5
mainland,5
maine,5
magnitude,5
magats,5
madness,5
luxury,5
luck,5
lowkey,5
lowcost,5
lovely,5
louis,5
loser,5
longhaulers,5
investigated,5
